code,tradeStatus_x,code_name_x
sh.000001,1,上证综合指数
sh.000002,1,上证A股指数
sh.000003,1,上证B股指数
sh.000004,1,上证工业类指数
sh.000005,1,上证商业类指数
sh.000006,1,上证房地产指数
sh.000007,1,上证公用事业指数
sh.000008,1,上证综合业类指数
sh.000010,1,上证180指数
sh.000011,1,上证基金指数
sh.000012,1,上证国债指数
sh.000015,1,上证红利指数
sh.000016,1,上证50指数
sh.000017,1,新上证综指
sh.000018,1,上证180金融股指数
sh.000019,1,上证公司治理指数
sh.000020,1,上证中型企业综合指数
sh.000021,1,上证180公司治理指数
sh.000022,1,沪公司债
sh.000025,1,上证180基建指数
sh.000026,1,上证180资源指数
sh.000027,1,上证180交通运输指数
sh.000028,1,上证180成长指数
sh.000029,1,上证180价值指数
sh.000030,1,上证180相对成长指数
sh.000031,1,上证180相对价值指数
sh.000032,1,上证能源行业指数
sh.000033,1,上证原材料行业指数
sh.000034,1,上证工业行业指数
sh.000035,1,上证可选消费行业指数
sh.000036,1,上证主要消费行业指数
sh.000037,1,上证医药卫生行业指数
sh.000038,1,上证金融地产行业指数
sh.000039,1,上证信息技术行业指数
sh.000040,1,上证电信业务行业指数
sh.000041,1,上证公用事业行业指数
sh.000042,1,上证中央企业50指数
sh.000043,1,上证超级大盘指数
sh.000044,1,上证中盘
sh.000045,1,上证小盘
sh.000046,1,上证中小
sh.000047,1,上证全指
sh.000048,1,责任指数
sh.000049,1,上证民企
sh.000054,1,上证海外
sh.000056,1,上证国企
sh.000057,1,全指成长
sh.000058,1,全指价值
sh.000059,1,全R成长
sh.000060,1,全R价值
sh.000061,1,沪企债30
sh.000062,1,上证沪企
sh.000063,1,上证周期
sh.000064,1,非周期
sh.000065,1,上证龙头
sh.000066,1,上证商品
sh.000067,1,上证新兴
sh.000068,1,上证资源
sh.000069,1,消费80
sh.000300,1,沪深300指数
sh.000832,1,中证可转换债券指数
sh.000852,1,中证1000指数
sh.000901,1,中证南方小康产业指数
sh.000903,1,中证100指数
sh.000904,1,中证200指数
sh.000905,1,中证500指数
sh.000906,1,中证800指数
sh.000908,1,沪深300能源指数
sh.000909,1,沪深300原材料指数
sh.000910,1,沪深300工业指数
sh.000911,1,沪深300可选消费指数
sh.000912,1,沪深300主要消费指数
sh.000913,1,沪深300医药卫生指数
sh.000914,1,沪深300金融地产指数
sh.000917,1,沪深300公用事业指数
sh.000918,1,沪深300成长指数
sh.000919,1,沪深300价值指数
sh.000922,1,中证红利指数
sh.000925,1,中证锐联基本面50指数
sh.000928,1,中证能源指数
sh.000931,1,中证可选消费指数
sh.000932,1,中证主要消费指数
sh.000933,1,中证医药卫生指数
sh.000934,1,中证金融地产指数
sh.000935,1,中证信息技术指数
sh.000944,1,中证内地资源主题指数
sh.000952,1,沪深300房地产指数
sh.000961,1,中证上游资源产业指数
sh.000963,1,中证下游消费与服务产业指数
sh.000964,1,中证新兴产业指数
sh.000969,1,沪深300非周期行业指数
sh.600000,1,浦发银行
sh.600004,1,白云机场
sh.600006,1,东风汽车
sh.600007,1,中国国贸
sh.600008,1,首创环保
sh.600009,1,上海机场
sh.600010,1,包钢股份
sh.600011,1,华能国际
sh.600012,1,皖通高速
sh.600015,1,华夏银行
sh.600016,1,民生银行
sh.600017,1,日照港
sh.600018,1,上港集团
sh.600019,1,宝钢股份
sh.600020,1,中原高速
sh.600021,1,上海电力
sh.600022,1,山东钢铁
sh.600026,1,中远海能
sh.600027,1,华电国际
sh.600028,1,中国石化
sh.600029,1,南方航空
sh.600030,1,中信证券
sh.600031,1,三一重工
sh.600033,1,福建高速
sh.600035,1,楚天高速
sh.600036,1,招商银行
sh.600037,1,歌华有线
sh.600038,1,中直股份
sh.600039,1,四川路桥
sh.600048,1,保利发展
sh.600050,1,中国联通
sh.600051,1,宁波联合
sh.600052,1,东望时代
sh.600053,1,九鼎投资
sh.600054,1,黄山旅游
sh.600055,1,万东医疗
sh.600056,1,中国医药
sh.600058,1,五矿发展
sh.600059,1,古越龙山
sh.600060,1,海信视像
sh.600061,1,国投资本
sh.600062,1,华润双鹤
sh.600063,1,皖维高新
sh.600064,1,南京高科
sh.600066,1,宇通客车
sh.600067,1,冠城大通
sh.600070,1,ST富润
sh.600071,1,凤凰光学
sh.600072,1,中船科技
sh.600073,1,上海梅林
sh.600075,1,新疆天业
sh.600076,1,康欣新材
sh.600078,1,ST澄星
sh.600079,1,人福医药
sh.600080,1,金花股份
sh.600081,1,东风科技
sh.600082,1,海泰发展
sh.600083,1,博信股份
sh.600084,1,中葡股份
sh.600085,1,同仁堂
sh.600088,1,中视传媒
sh.600089,1,特变电工
sh.600095,1,湘财股份
sh.600096,1,云天化
sh.600097,1,开创国际
sh.600098,1,广州发展
sh.600099,1,林海股份
sh.600100,1,同方股份
sh.600101,1,明星电力
sh.600103,1,青山纸业
sh.600104,1,上汽集团
sh.600105,1,永鼎股份
sh.600106,1,重庆路桥
sh.600107,1,美尔雅
sh.600108,1,亚盛集团
sh.600109,1,国金证券
sh.600110,1,诺德股份
sh.600111,1,北方稀土
sh.600112,1,ST天成
sh.600113,1,浙江东日
sh.600115,1,中国东航
sh.600116,1,三峡水利
sh.600117,1,*ST西钢
sh.600118,1,中国卫星
sh.600119,1,长江投资
sh.600120,1,浙江东方
sh.600121,1,郑州煤电
sh.600123,1,兰花科创
sh.600125,1,铁龙物流
sh.600126,1,杭钢股份
sh.600127,1,金健米业
sh.600128,1,苏豪弘业
sh.600129,1,太极集团
sh.600130,1,波导股份
sh.600131,1,国网信通
sh.600132,1,重庆啤酒
sh.600133,1,东湖高新
sh.600135,1,乐凯胶片
sh.600136,1,*ST明诚
sh.600137,1,浪莎股份
sh.600138,1,中青旅
sh.600141,1,兴发集团
sh.600143,1,金发科技
sh.600148,1,长春一东
sh.600149,1,廊坊发展
sh.600150,1,中国船舶
sh.600151,1,航天机电
sh.600152,1,维科技术
sh.600153,1,建发股份
sh.600156,1,华升股份
sh.600157,1,永泰能源
sh.600158,1,中体产业
sh.600159,1,大龙地产
sh.600160,1,巨化股份
sh.600161,1,天坛生物
sh.600162,1,香江控股
sh.600163,1,中闽能源
sh.600165,1,宁科生物
sh.600166,1,福田汽车
sh.600167,1,联美控股
sh.600168,1,武汉控股
sh.600169,1,太原重工
sh.600170,1,上海建工
sh.600171,1,上海贝岭
sh.600172,1,黄河旋风
sh.600173,1,卧龙地产
sh.600176,1,中国巨石
sh.600177,1,雅戈尔
sh.600178,1,东安动力
sh.600180,1,瑞茂通
sh.600182,1,S佳通
sh.600183,1,生益科技
sh.600184,1,光电股份
sh.600185,1,格力地产
sh.600186,1,莲花健康
sh.600187,1,国中水务
sh.600188,1,兖矿能源
sh.600189,1,泉阳泉
sh.600190,1,锦州港
sh.600191,1,华资实业
sh.600192,1,长城电工
sh.600193,1,创兴资源
sh.600195,1,中牧股份
sh.600196,1,复星医药
sh.600197,1,伊力特
sh.600198,1,大唐电信
sh.600199,1,金种子酒
sh.600200,1,江苏吴中
sh.600201,1,生物股份
sh.600202,1,哈空调
sh.600203,1,福日电子
sh.600206,1,有研新材
sh.600207,1,安彩高科
sh.600208,1,新湖中宝
sh.600210,1,紫江企业
sh.600211,1,西藏药业
sh.600212,1,绿能慧充
sh.600213,1,亚星客车
sh.600215,1,派斯林
sh.600216,1,浙江医药
sh.600217,1,中再资环
sh.600218,1,全柴动力
sh.600219,1,南山铝业
sh.600220,1,江苏阳光
sh.600221,1,海航控股
sh.600222,1,太龙药业
sh.600223,1,福瑞达
sh.600225,1,卓朗科技
sh.600226,1,瀚叶股份
sh.600227,1,赤天化
sh.600228,1,返利科技
sh.600229,1,城市传媒
sh.600230,1,沧州大化
sh.600231,1,凌钢股份
sh.600232,1,金鹰股份
sh.600233,1,圆通速递
sh.600234,1,科新发展
sh.600235,1,民丰特纸
sh.600236,1,桂冠电力
sh.600237,1,铜峰电子
sh.600238,1,海南椰岛
sh.600239,1,云南城投
sh.600241,1,时代万恒
sh.600243,1,青海华鼎
sh.600246,1,万通发展
sh.600248,1,陕建股份
sh.600249,1,两面针
sh.600250,1,南纺股份
sh.600251,1,冠农股份
sh.600252,1,中恒集团
sh.600255,1,鑫科材料
sh.600256,1,广汇能源
sh.600257,1,大湖股份
sh.600258,1,首旅酒店
sh.600259,1,广晟有色
sh.600261,1,阳光照明
sh.600262,1,北方股份
sh.600265,1,ST景谷
sh.600266,1,城建发展
sh.600267,1,海正药业
sh.600268,1,国电南自
sh.600269,1,赣粤高速
sh.600271,1,航天信息
sh.600272,1,开开实业
sh.600273,1,嘉化能源
sh.600276,1,恒瑞医药
sh.600277,1,亿利洁能
sh.600278,1,东方创业
sh.600280,1,中央商场
sh.600281,1,华阳新材
sh.600282,1,南钢股份
sh.600283,1,钱江水利
sh.600284,1,浦东建设
sh.600285,1,羚锐制药
sh.600287,1,江苏舜天
sh.600288,1,大恒科技
sh.600289,1,ST信通
sh.600290,1,*ST华仪
sh.600293,1,三峡新材
sh.600295,1,鄂尔多斯
sh.600297,1,广汇汽车
sh.600298,1,安琪酵母
sh.600299,1,安迪苏
sh.600300,1,维维股份
sh.600301,1,华锡有色
sh.600302,1,标准股份
sh.600303,1,ST曙光
sh.600305,1,恒顺醋业
sh.600306,1,*ST商城
sh.600307,1,酒钢宏兴
sh.600308,1,华泰股份
sh.600309,1,万华化学
sh.600310,1,广西能源
sh.600312,1,平高电气
sh.600315,1,上海家化
sh.600316,1,洪都航空
sh.600318,1,新力金融
sh.600319,1,亚星化学
sh.600320,1,振华重工
sh.600321,1,正源股份
sh.600322,1,津投城开
sh.600323,1,瀚蓝环境
sh.600325,1,华发股份
sh.600326,1,西藏天路
sh.600327,1,大东方
sh.600328,1,中盐化工
sh.600329,1,达仁堂
sh.600330,1,天通股份
sh.600331,1,宏达股份
sh.600332,1,白云山
sh.600333,1,长春燃气
sh.600335,1,国机汽车
sh.600336,1,澳柯玛
sh.600337,1,美克家居
sh.600338,1,西藏珠峰
sh.600339,1,中油工程
sh.600340,1,华夏幸福
sh.600343,1,航天动力
sh.600345,1,长江通信
sh.600346,1,恒力石化
sh.600348,1,华阳股份
sh.600350,1,山东高速
sh.600351,1,亚宝药业
sh.600352,1,浙江龙盛
sh.600353,1,旭光电子
sh.600354,1,敦煌种业
sh.600355,1,精伦电子
sh.600356,1,恒丰纸业
sh.600358,1,国旅联合
sh.600359,1,新农开发
sh.600360,1,华微电子
sh.600361,1,创新新材
sh.600362,1,江西铜业
sh.600363,1,联创光电
sh.600365,1,ST通葡
sh.600366,1,宁波韵升
sh.600367,1,红星发展
sh.600368,1,五洲交通
sh.600369,1,西南证券
sh.600370,1,三房巷
sh.600371,1,万向德农
sh.600373,1,中文传媒
sh.600375,1,汉马科技
sh.600376,1,首开股份
sh.600377,1,宁沪高速
sh.600378,1,昊华科技
sh.600379,1,宝光股份
sh.600380,1,健康元
sh.600381,1,青海春天
sh.600382,1,广东明珠
sh.600383,1,金地集团
sh.600386,1,北巴传媒
sh.600387,1,ST海越
sh.600388,1,龙净环保
sh.600389,1,江山股份
sh.600390,1,五矿资本
sh.600391,1,航发科技
sh.600392,1,盛和资源
sh.600395,1,盘江股份
sh.600396,1,*ST金山
sh.600398,1,海澜之家
sh.600399,1,抚顺特钢
sh.600400,1,红豆股份
sh.600403,1,大有能源
sh.600405,1,动力源
sh.600406,1,国电南瑞
sh.600408,1,安泰集团
sh.600409,1,三友化工
sh.600410,1,华胜天成
sh.600415,1,小商品城
sh.600416,1,湘电股份
sh.600418,1,江淮汽车
sh.600419,1,天润乳业
sh.600420,1,国药现代
sh.600421,1,华嵘控股
sh.600422,1,昆药集团
sh.600423,1,柳化股份
sh.600425,1,青松建化
sh.600426,1,华鲁恒升
sh.600428,1,中远海特
sh.600429,1,三元股份
sh.600433,1,冠豪高新
sh.600436,1,片仔癀
sh.600438,1,通威股份
sh.600439,1,瑞贝卡
sh.600444,1,国机通用
sh.600446,1,金证股份
sh.600448,1,华纺股份
sh.600452,1,涪陵电力
sh.600455,1,博通股份
sh.600456,1,宝钛股份
sh.600458,1,时代新材
sh.600459,1,贵研铂业
sh.600460,1,士兰微
sh.600461,1,洪城环境
sh.600462,1,ST九有
sh.600463,1,空港股份
sh.600467,1,好当家
sh.600468,1,百利电气
sh.600469,1,风神股份
sh.600470,1,六国化工
sh.600475,1,华光环能
sh.600476,1,湘邮科技
sh.600477,1,杭萧钢构
sh.600478,1,科力远
sh.600479,1,千金药业
sh.600480,1,凌云股份
sh.600481,1,双良节能
sh.600482,1,中国动力
sh.600483,1,福能股份
sh.600486,1,扬农化工
sh.600487,1,亨通光电
sh.600488,1,津药药业
sh.600489,1,中金黄金
sh.600490,1,鹏欣资源
sh.600491,1,龙元建设
sh.600493,1,凤竹纺织
sh.600495,1,晋西车轴
sh.600496,1,精工钢构
sh.600498,1,烽火通信
sh.600499,1,科达制造
sh.600500,1,中化国际
sh.600501,1,航天晨光
sh.600502,1,安徽建工
sh.600503,1,华丽家族
sh.600505,1,西昌电力
sh.600506,1,统一股份
sh.600507,1,方大特钢
sh.600508,1,上海能源
sh.600509,1,天富能源
sh.600510,1,黑牡丹
sh.600511,1,国药股份
sh.600512,1,腾达建设
sh.600513,1,联环药业
sh.600515,1,海南机场
sh.600516,1,方大炭素
sh.600517,1,国网英大
sh.600518,1,ST康美
sh.600519,1,贵州茅台
sh.600520,1,文一科技
sh.600521,1,华海药业
sh.600522,1,中天科技
sh.600523,1,贵航股份
sh.600525,1,长园集团
sh.600526,1,菲达环保
sh.600527,1,江南高纤
sh.600528,1,中铁工业
sh.600529,1,山东药玻
sh.600530,1,ST交昂
sh.600531,1,豫光金铅
sh.600533,1,栖霞建设
sh.600535,1,天士力
sh.600536,1,中国软件
sh.600537,1,亿晶光电
sh.600538,1,国发股份
sh.600539,1,狮头股份
sh.600540,1,新赛股份
sh.600543,1,*ST莫高
sh.600545,1,卓郎智能
sh.600546,1,山煤国际
sh.600547,1,山东黄金
sh.600548,1,深高速
sh.600549,1,厦门钨业
sh.600550,1,保变电气
sh.600551,1,时代出版
sh.600552,1,凯盛科技
sh.600557,1,康缘药业
sh.600558,1,大西洋
sh.600559,1,老白干酒
sh.600560,1,金自天正
sh.600561,1,江西长运
sh.600562,1,国睿科技
sh.600563,1,法拉电子
sh.600565,1,迪马股份
sh.600566,1,济川药业
sh.600567,1,山鹰国际
sh.600568,1,ST中珠
sh.600569,1,安阳钢铁
sh.600570,1,恒生电子
sh.600571,1,信雅达
sh.600572,1,康恩贝
sh.600573,1,惠泉啤酒
sh.600575,1,淮河能源
sh.600576,1,祥源文旅
sh.600577,1,精达股份
sh.600578,1,京能电力
sh.600579,1,克劳斯
sh.600580,1,卧龙电驱
sh.600581,1,八一钢铁
sh.600582,1,天地科技
sh.600583,1,海油工程
sh.600584,1,长电科技
sh.600585,1,海螺水泥
sh.600586,1,金晶科技
sh.600587,1,新华医疗
sh.600588,1,用友网络
sh.600589,1,*ST榕泰
sh.600590,1,泰豪科技
sh.600592,1,龙溪股份
sh.600593,1,大连圣亚
sh.600594,1,益佰制药
sh.600595,1,中孚实业
sh.600596,1,新安股份
sh.600597,1,光明乳业
sh.600598,1,北大荒
sh.600599,1,ST熊猫
sh.600600,1,青岛啤酒
sh.600601,1,方正科技
sh.600602,1,云赛智联
sh.600603,1,广汇物流
sh.600604,1,市北高新
sh.600605,1,汇通能源
sh.600608,1,ST沪科
sh.600609,1,金杯汽车
sh.600610,1,中毅达
sh.600611,1,大众交通
sh.600612,1,老凤祥
sh.600613,1,神奇制药
sh.600615,1,丰华股份
sh.600616,1,金枫酒业
sh.600617,1,国新能源
sh.600618,1,氯碱化工
sh.600619,1,海立股份
sh.600620,1,天宸股份
sh.600621,1,华鑫股份
sh.600622,1,光大嘉宝
sh.600623,1,华谊集团
sh.600624,1,复旦复华
sh.600626,1,申达股份
sh.600628,1,新世界
sh.600629,1,华建集团
sh.600630,1,龙头股份
sh.600635,1,大众公用
sh.600636,1,国新文化
sh.600637,1,东方明珠
sh.600638,1,新黄浦
sh.600639,1,浦东金桥
sh.600640,1,国脉文化
sh.600641,1,万业企业
sh.600642,1,申能股份
sh.600643,1,爱建集团
sh.600644,1,乐山电力
sh.600645,1,中源协和
sh.600647,1,*ST同达
sh.600648,1,外高桥
sh.600649,1,城投控股
sh.600651,1,飞乐音响
sh.600653,1,申华控股
sh.600654,1,ST中安
sh.600655,1,豫园股份
sh.600657,1,信达地产
sh.600658,1,电子城
sh.600660,1,福耀玻璃
sh.600661,1,昂立教育
sh.600662,1,外服控股
sh.600663,1,陆家嘴
sh.600664,1,哈药股份
sh.600665,1,天地源
sh.600666,1,ST瑞德
sh.600667,1,太极实业
sh.600668,1,尖峰集团
sh.600671,1,*ST目药
sh.600673,1,东阳光
sh.600674,1,川投能源
sh.600676,1,交运股份
sh.600678,1,四川金顶
sh.600679,1,上海凤凰
sh.600682,1,南京新百
sh.600683,1,京投发展
sh.600684,1,珠江股份
sh.600685,1,中船防务
sh.600686,1,金龙汽车
sh.600688,1,上海石化
sh.600689,1,上海三毛
sh.600690,1,海尔智家
sh.600691,1,阳煤化工
sh.600692,1,亚通股份
sh.600693,1,东百集团
sh.600694,1,大商股份
sh.600696,1,岩石股份
sh.600697,1,欧亚集团
sh.600702,1,舍得酒业
sh.600703,1,三安光电
sh.600704,1,物产中大
sh.600706,1,曲江文旅
sh.600707,1,彩虹股份
sh.600708,1,光明地产
sh.600710,1,苏美达
sh.600711,1,盛屯矿业
sh.600712,1,南宁百货
sh.600713,1,南京医药
sh.600714,1,金瑞矿业
sh.600715,1,文投控股
sh.600716,1,凤凰股份
sh.600717,1,天津港
sh.600718,1,东软集团
sh.600719,1,大连热电
sh.600720,1,祁连山
sh.600721,1,百花医药
sh.600722,1,金牛化工
sh.600724,1,宁波富达
sh.600725,1,云维股份
sh.600726,1,华电能源
sh.600728,1,佳都科技
sh.600729,1,重庆百货
sh.600730,1,中国高科
sh.600731,1,湖南海利
sh.600732,1,爱旭股份
sh.600733,1,北汽蓝谷
sh.600734,1,ST实达
sh.600735,1,新华锦
sh.600736,1,苏州高新
sh.600737,1,中粮糖业
sh.600738,1,丽尚国潮
sh.600739,1,辽宁成大
sh.600740,1,山西焦化
sh.600741,1,华域汽车
sh.600742,1,一汽富维
sh.600743,1,华远地产
sh.600744,1,华银电力
sh.600745,1,闻泰科技
sh.600746,1,江苏索普
sh.600749,1,西藏旅游
sh.600750,1,江中药业
sh.600751,1,海航科技
sh.600753,1,庚星股份
sh.600754,1,锦江酒店
sh.600755,1,厦门国贸
sh.600756,1,浪潮软件
sh.600757,1,长江传媒
sh.600758,1,辽宁能源
sh.600759,1,*ST洲际
sh.600760,1,中航沈飞
sh.600761,1,安徽合力
sh.600763,1,通策医疗
sh.600764,1,中国海防
sh.600765,1,中航重机
sh.600766,1,*ST园城
sh.600768,1,宁波富邦
sh.600769,1,祥龙电业
sh.600770,1,综艺股份
sh.600771,1,广誉远
sh.600773,1,西藏城投
sh.600774,1,汉商集团
sh.600775,1,南京熊猫
sh.600776,1,东方通信
sh.600777,1,新潮能源
sh.600778,1,友好集团
sh.600779,1,水井坊
sh.600782,1,新钢股份
sh.600783,1,鲁信创投
sh.600784,1,鲁银投资
sh.600785,1,新华百货
sh.600787,1,中储股份
sh.600789,1,鲁抗医药
sh.600790,1,轻纺城
sh.600791,1,京能置业
sh.600792,1,云煤能源
sh.600793,1,宜宾纸业
sh.600794,1,保税科技
sh.600795,1,国电电力
sh.600796,1,钱江生化
sh.600797,1,浙大网新
sh.600798,1,宁波海运
sh.600800,1,渤海化学
sh.600801,1,华新水泥
sh.600802,1,福建水泥
sh.600803,1,新奥股份
sh.600804,1,ST鹏博士
sh.600805,1,悦达投资
sh.600807,1,济南高新
sh.600808,1,马钢股份
sh.600809,1,山西汾酒
sh.600810,1,神马股份
sh.600811,1,东方集团
sh.600812,1,华北制药
sh.600814,1,杭州解百
sh.600815,1,厦工股份
sh.600818,1,中路股份
sh.600819,1,耀皮玻璃
sh.600820,1,隧道股份
sh.600821,1,金开新能
sh.600822,1,上海物贸
sh.600823,1,ST世茂
sh.600824,1,益民集团
sh.600825,1,新华传媒
sh.600826,1,兰生股份
sh.600828,1,茂业商业
sh.600829,1,人民同泰
sh.600830,1,香溢融通
sh.600831,1,广电网络
sh.600833,1,第一医药
sh.600834,1,申通地铁
sh.600835,1,上海机电
sh.600836,1,上海易连
sh.600837,1,海通证券
sh.600838,1,上海九百
sh.600839,1,四川长虹
sh.600841,1,动力新科
sh.600843,1,上工申贝
sh.600844,1,丹化科技
sh.600845,1,宝信软件
sh.600846,1,同济科技
sh.600847,1,万里股份
sh.600848,1,上海临港
sh.600850,1,电科数字
sh.600851,1,海欣股份
sh.600853,1,龙建股份
sh.600854,1,春兰股份
sh.600855,1,航天长峰
sh.600857,1,宁波中百
sh.600858,1,银座股份
sh.600859,1,王府井
sh.600860,1,京城股份
sh.600861,1,北京人力
sh.600862,1,中航高科
sh.600863,1,内蒙华电
sh.600864,1,哈投股份
sh.600865,1,百大集团
sh.600866,1,星湖科技
sh.600867,1,通化东宝
sh.600868,1,梅雁吉祥
sh.600869,1,远东股份
sh.600871,1,石化油服
sh.600872,1,中炬高新
sh.600873,1,梅花生物
sh.600874,1,创业环保
sh.600875,1,东方电气
sh.600876,1,凯盛新能
sh.600877,1,电科芯片
sh.600879,1,航天电子
sh.600880,1,博瑞传播
sh.600881,1,亚泰集团
sh.600882,1,妙可蓝多
sh.600883,1,博闻科技
sh.600884,1,杉杉股份
sh.600885,1,宏发股份
sh.600886,1,国投电力
sh.600887,1,伊利股份
sh.600888,1,新疆众和
sh.600889,1,南京化纤
sh.600892,1,大晟文化
sh.600894,1,广日股份
sh.600895,1,张江高科
sh.600897,1,厦门空港
sh.600900,1,长江电力
sh.600960,1,渤海汽车
sh.600961,1,株冶集团
sh.600962,1,国投中鲁
sh.600963,1,岳阳林纸
sh.600966,1,博汇纸业
sh.600967,1,内蒙一机
sh.600969,1,郴电国际
sh.600970,1,中材国际
sh.600971,1,恒源煤电
sh.600973,1,宝胜股份
sh.600975,1,新五丰
sh.600976,1,健民集团
sh.600979,1,广安爱众
sh.600980,1,北矿科技
sh.600981,1,汇鸿集团
sh.600982,1,宁波能源
sh.600983,1,惠而浦
sh.600984,1,建设机械
sh.600985,1,淮北矿业
sh.600986,1,浙文互联
sh.600987,1,航民股份
sh.600988,1,赤峰黄金
sh.600990,1,四创电子
sh.600992,1,贵绳股份
sh.600993,1,马应龙
sh.600995,1,南网储能
sh.600997,1,开滦股份
sh.600999,1,招商证券
sh.601000,1,唐山港
sh.601001,1,晋控煤业
sh.601002,1,晋亿实业
sh.601003,1,柳钢股份
sh.601005,1,重庆钢铁
sh.601006,1,大秦铁路
sh.601007,1,金陵饭店
sh.601008,1,连云港
sh.601009,1,南京银行
sh.601088,1,中国神华
sh.601099,1,太平洋
sh.601101,1,昊华能源
sh.601106,1,中国一重
sh.601107,1,四川成渝
sh.601111,1,中国国航
sh.601117,1,中国化学
sh.601139,1,深圳燃气
sh.601158,1,重庆水务
sh.601166,1,兴业银行
sh.601168,1,西部矿业
sh.601169,1,北京银行
sh.601179,1,中国西电
sh.601186,1,中国铁建
sh.601188,1,龙江交通
sh.601288,1,农业银行
sh.601328,1,交通银行
sh.601333,1,广深铁路
sh.601369,1,陕鼓动力
sh.601390,1,中国中铁
sh.601398,1,工商银行
sh.601518,1,吉林高速
sh.601588,1,北辰实业
sh.601600,1,中国铝业
sh.601601,1,中国太保
sh.601607,1,上海医药
sh.601618,1,中国中冶
sh.601628,1,中国人寿
sh.601666,1,平煤股份
sh.601668,1,中国建筑
sh.601678,1,滨化股份
sh.601688,1,华泰证券
sh.601699,1,潞安环能
sh.601717,1,郑煤机
sh.601727,1,上海电气
sh.601766,1,中国中车
sh.601788,1,光大证券
sh.601801,1,皖新传媒
sh.601808,1,中海油服
sh.601857,1,中国石油
sh.601866,1,中远海发
sh.601872,1,招商轮船
sh.601877,1,正泰电器
sh.601888,1,中国中免
sh.601898,1,中煤能源
sh.601899,1,紫金矿业
sh.601918,1,新集能源
sh.601919,1,中远海控
sh.601939,1,建设银行
sh.601958,1,金钼股份
sh.601988,1,中国银行
sh.601989,1,中国重工
sh.601991,1,大唐发电
sh.601998,1,中信银行
sh.601999,1,出版传媒
sz.000002,1,万科A
sz.000004,1,国华网安
sz.000005,1,ST星源
sz.000006,1,深振业A
sz.000007,1,*ST全新
sz.000008,1,神州高铁
sz.000009,1,中国宝安
sz.000011,1,深物业A
sz.000012,1,南玻A
sz.000014,1,沙河股份
sz.000016,1,深康佳A
sz.000017,1,深中华A
sz.000020,1,深华发A
sz.000021,1,深科技
sz.000023,1,ST深天
sz.000025,1,特力A
sz.000026,1,飞亚达
sz.000027,1,深圳能源
sz.000028,1,国药一致
sz.000029,1,深深房A
sz.000031,1,大悦城
sz.000032,1,深桑达A
sz.000035,1,中国天楹
sz.000036,1,华联控股
sz.000037,1,深南电A
sz.000039,1,中集集团
sz.000040,1,东旭蓝天
sz.000042,1,中洲控股
sz.000045,1,深纺织A
sz.000046,1,*ST泛海
sz.000048,1,京基智农
sz.000049,1,德赛电池
sz.000050,1,深天马A
sz.000055,1,方大集团
sz.000056,1,皇庭国际
sz.000058,1,深赛格
sz.000059,1,华锦股份
sz.000060,1,中金岭南
sz.000061,1,农产品
sz.000062,1,深圳华强
sz.000063,1,中兴通讯
sz.000065,1,北方国际
sz.000066,1,中国长城
sz.000068,1,华控赛格
sz.000069,1,华侨城A
sz.000070,1,特发信息
sz.000078,1,海王生物
sz.000088,1,盐田港
sz.000089,1,深圳机场
sz.000090,1,天健集团
sz.000096,1,广聚能源
sz.000099,1,中信海直
sz.000100,1,TCL科技
sz.000151,1,中成股份
sz.000153,1,丰原药业
sz.000155,1,川能动力
sz.000157,1,中联重科
sz.000158,1,常山北明
sz.000159,1,国际实业
sz.000301,1,东方盛虹
sz.000338,1,潍柴动力
sz.000400,1,许继电气
sz.000401,1,冀东水泥
sz.000402,1,金融街
sz.000404,1,长虹华意
sz.000407,1,胜利股份
sz.000408,1,藏格矿业
sz.000409,1,云鼎科技
sz.000410,1,沈阳机床
sz.000411,1,英特集团
sz.000413,1,东旭光电
sz.000416,1,*ST民控
sz.000417,1,合肥百货
sz.000419,1,通程控股
sz.000420,1,吉林化纤
sz.000421,1,南京公用
sz.000422,1,湖北宜化
sz.000423,1,东阿阿胶
sz.000425,1,徐工机械
sz.000426,1,兴业银锡
sz.000428,1,华天酒店
sz.000429,1,粤高速A
sz.000430,1,张家界
sz.000488,1,晨鸣纸业
sz.000501,1,武商集团
sz.000503,1,国新健康
sz.000504,1,南华生物
sz.000505,1,京粮控股
sz.000506,1,中润资源
sz.000507,1,珠海港
sz.000509,1,华塑控股
sz.000510,1,新金路
sz.000513,1,丽珠集团
sz.000514,1,渝开发
sz.000516,1,国际医学
sz.000517,1,荣安地产
sz.000518,1,四环生物
sz.000519,1,中兵红箭
sz.000520,1,凤凰航运
sz.000521,1,长虹美菱
sz.000523,1,广州浪奇
sz.000524,1,岭南控股
sz.000525,1,ST红太阳
sz.000526,1,学大教育
sz.000528,1,柳工
sz.000529,1,广弘控股
sz.000530,1,冰山冷热
sz.000531,1,穗恒运A
sz.000532,1,华金资本
sz.000533,1,顺钠股份
sz.000534,1,万泽股份
sz.000536,1,华映科技
sz.000537,1,广宇发展
sz.000538,1,云南白药
sz.000539,1,粤电力A
sz.000541,1,佛山照明
sz.000543,1,皖能电力
sz.000544,1,中原环保
sz.000545,1,金浦钛业
sz.000546,1,金圆股份
sz.000547,1,航天发展
sz.000548,1,湖南投资
sz.000550,1,江铃汽车
sz.000551,1,创元科技
sz.000552,1,甘肃能化
sz.000553,1,安道麦A
sz.000554,1,泰山石油
sz.000555,1,神州信息
sz.000557,1,西部创业
sz.000558,1,莱茵体育
sz.000559,1,万向钱潮
sz.000560,1,我爱我家
sz.000561,1,烽火电子
sz.000563,1,陕国投A
sz.000565,1,渝三峡A
sz.000566,1,海南海药
sz.000567,1,海德股份
sz.000568,1,泸州老窖
sz.000570,1,苏常柴A
sz.000571,1,新大洲A
sz.000572,1,海马汽车
sz.000573,1,粤宏远A
sz.000576,1,甘化科工
sz.000581,1,威孚高科
sz.000582,1,北部湾港
sz.000584,1,ST工智
sz.000586,1,汇源通信
sz.000589,1,贵州轮胎
sz.000590,1,启迪药业
sz.000591,1,太阳能
sz.000592,1,平潭发展
sz.000593,1,德龙汇能
sz.000595,1,宝塔实业
sz.000596,1,古井贡酒
sz.000597,1,东北制药
sz.000598,1,兴蓉环境
sz.000599,1,青岛双星
sz.000601,1,韶能股份
sz.000603,1,盛达资源
sz.000605,1,渤海股份
sz.000607,1,华媒控股
sz.000608,1,阳光股份
sz.000609,1,中迪投资
sz.000610,1,西安旅游
sz.000615,1,*ST美谷
sz.000617,1,中油资本
sz.000619,1,海螺新材
sz.000623,1,吉林敖东
sz.000625,1,长安汽车
sz.000626,1,远大控股
sz.000627,1,天茂集团
sz.000629,1,钒钛股份
sz.000630,1,铜陵有色
sz.000631,1,顺发恒业
sz.000632,1,三木集团
sz.000633,1,合金投资
sz.000635,1,英力特
sz.000636,1,风华高科
sz.000637,1,ST实华
sz.000638,1,万方发展
sz.000639,1,西王食品
sz.000650,1,仁和药业
sz.000651,1,格力电器
sz.000652,1,泰达股份
sz.000655,1,金岭矿业
sz.000656,1,金科股份
sz.000659,1,珠海中富
sz.000661,1,长春高新
sz.000663,1,永安林业
sz.000665,1,湖北广电
sz.000666,1,经纬纺机
sz.000668,1,荣丰控股
sz.000669,1,ST金鸿
sz.000676,1,智度股份
sz.000677,1,恒天海龙
sz.000678,1,襄阳轴承
sz.000679,1,大连友谊
sz.000680,1,山推股份
sz.000682,1,东方电子
sz.000683,1,远兴能源
sz.000685,1,中山公用
sz.000686,1,东北证券
sz.000690,1,宝新能源
sz.000692,1,*ST惠天
sz.000695,1,滨海能源
sz.000697,1,*ST炼石
sz.000698,1,沈阳化工
sz.000700,1,模塑科技
sz.000701,1,厦门信达
sz.000702,1,正虹科技
sz.000703,1,恒逸石化
sz.000705,1,浙江震元
sz.000707,1,双环科技
sz.000708,1,中信特钢
sz.000709,1,河钢股份
sz.000710,1,贝瑞基因
sz.000711,1,*ST京蓝
sz.000712,1,锦龙股份
sz.000713,1,丰乐种业
sz.000715,1,中兴商业
sz.000716,1,黑芝麻
sz.000717,1,中南股份
sz.000718,1,苏宁环球
sz.000720,1,新能泰山
sz.000721,1,西安饮食
sz.000723,1,美锦能源
sz.000725,1,京东方A
sz.000726,1,鲁泰A
sz.000727,1,冠捷科技
sz.000728,1,国元证券
sz.000729,1,燕京啤酒
sz.000731,1,四川美丰
sz.000733,1,振华科技
sz.000735,1,罗牛山
sz.000736,1,中交地产
sz.000737,1,北方铜业
sz.000738,1,航发控制
sz.000739,1,普洛药业
sz.000751,1,锌业股份
sz.000752,1,*ST西发
sz.000753,1,漳州发展
sz.000755,1,山西路桥
sz.000756,1,新华制药
sz.000758,1,中色股份
sz.000759,1,中百集团
sz.000761,1,本钢板材
sz.000762,1,西藏矿业
sz.000766,1,通化金马
sz.000767,1,晋控电力
sz.000768,1,中航西飞
sz.000776,1,广发证券
sz.000777,1,中核科技
sz.000778,1,新兴铸管
sz.000779,1,甘咨询
sz.000782,1,美达股份
sz.000783,1,长江证券
sz.000785,1,居然之家
sz.000786,1,北新建材
sz.000788,1,北大医药
sz.000789,1,万年青
sz.000790,1,华神科技
sz.000791,1,甘肃能源
sz.000792,1,盐湖股份
sz.000793,1,华闻集团
sz.000795,1,英洛华
sz.000796,1,*ST凯撒
sz.000797,1,中国武夷
sz.000798,1,中水渔业
sz.000799,1,酒鬼酒
sz.000800,1,一汽解放
sz.000801,1,四川九洲
sz.000802,1,北京文化
sz.000803,1,山高环能
sz.000807,1,云铝股份
sz.000809,1,铁岭新城
sz.000810,1,创维数字
sz.000811,1,冰轮环境
sz.000812,1,陕西金叶
sz.000813,1,德展健康
sz.000815,1,美利云
sz.000816,1,智慧农业
sz.000819,1,岳阳兴长
sz.000820,1,神雾节能
sz.000821,1,京山轻机
sz.000822,1,山东海化
sz.000823,1,超声电子
sz.000825,1,太钢不锈
sz.000826,1,启迪环境
sz.000828,1,东莞控股
sz.000829,1,天音控股
sz.000830,1,鲁西化工
sz.000831,1,中国稀土
sz.000833,1,粤桂股份
sz.000836,1,富通信息
sz.000837,1,秦川机床
sz.000838,1,财信发展
sz.000839,1,ST国安
sz.000848,1,承德露露
sz.000850,1,华茂股份
sz.000851,1,高鸿股份
sz.000852,1,石化机械
sz.000856,1,冀东装备
sz.000858,1,五粮液
sz.000859,1,国风新材
sz.000860,1,顺鑫农业
sz.000861,1,海印股份
sz.000862,1,银星能源
sz.000868,1,安凯客车
sz.000869,1,张裕A
sz.000875,1,吉电股份
sz.000877,1,天山股份
sz.000878,1,云南铜业
sz.000880,1,潍柴重机
sz.000881,1,中广核技
sz.000882,1,华联股份
sz.000883,1,湖北能源
sz.000885,1,城发环境
sz.000886,1,海南高速
sz.000887,1,中鼎股份
sz.000888,1,峨眉山A
sz.000889,1,ST中嘉
sz.000890,1,法尔胜
sz.000892,1,欢瑞世纪
sz.000893,1,亚钾国际
sz.000897,1,津滨发展
sz.000898,1,鞍钢股份
sz.000899,1,赣能股份
sz.000900,1,现代投资
sz.000901,1,航天科技
sz.000902,1,新洋丰
sz.000903,1,云内动力
sz.000905,1,厦门港务
sz.000906,1,浙商中拓
sz.000908,1,景峰医药
sz.000909,1,ST数源
sz.000911,1,广农糖业
sz.000912,1,泸天化
sz.000913,1,钱江摩托
sz.000915,1,华特达因
sz.000917,1,电广传媒
sz.000919,1,金陵药业
sz.000920,1,沃顿科技
sz.000921,1,海信家电
sz.000923,1,河钢资源
sz.000925,1,众合科技
sz.000926,1,福星股份
sz.000927,1,中国铁物
sz.000928,1,中钢国际
sz.000929,1,兰州黄河
sz.000930,1,中粮科技
sz.000931,1,中关村
sz.000932,1,华菱钢铁
sz.000933,1,神火股份
sz.000935,1,四川双马
sz.000936,1,华西股份
sz.000937,1,冀中能源
sz.000938,1,紫光股份
sz.000948,1,南天信息
sz.000949,1,新乡化纤
sz.000950,1,重药控股
sz.000951,1,中国重汽
sz.000952,1,广济药业
sz.000953,1,河化股份
sz.000955,1,欣龙控股
sz.000957,1,中通客车
sz.000958,1,电投产融
sz.000959,1,首钢股份
sz.000960,1,锡业股份
sz.000961,1,中南建设
sz.000962,1,东方钽业
sz.000963,1,华东医药
sz.000965,1,天保基建
sz.000966,1,长源电力
sz.000967,1,盈峰环境
sz.000968,1,蓝焰控股
sz.000969,1,安泰科技
sz.000970,1,中科三环
sz.000971,1,ST高升
sz.000972,1,中基健康
sz.000973,1,佛塑科技
sz.000975,1,银泰黄金
sz.000976,1,ST华铁
sz.000977,1,浪潮信息
sz.000978,1,桂林旅游
sz.000980,1,众泰汽车
sz.000982,1,中银绒业
sz.000983,1,山西焦煤
sz.000985,1,大庆华科
sz.000987,1,越秀资本
sz.000988,1,华工科技
sz.000989,1,九芝堂
sz.000990,1,诚志股份
sz.000993,1,闽东电力
sz.000995,1,皇台酒业
sz.000996,1,*ST中期
sz.000997,1,新大陆
sz.000998,1,隆平高科
sz.000999,1,华润三九
sz.001696,1,宗申动力
sz.001896,1,豫能控股
sz.002001,1,新和成
sz.002002,1,ST鸿达
sz.002003,1,伟星股份
sz.002004,1,华邦健康
sz.002005,1,ST德豪
sz.002006,1,精工科技
sz.002007,1,华兰生物
sz.002008,1,大族激光
sz.002009,1,天奇股份
sz.002010,1,传化智联
sz.002012,1,凯恩股份
sz.002014,1,永新股份
sz.002015,1,协鑫能科
sz.002016,1,世荣兆业
sz.002017,1,东信和平
sz.002019,1,亿帆医药
sz.002020,1,京新药业
sz.002021,1,*ST中捷
sz.002022,1,科华生物
sz.002023,1,海特高新
sz.002024,1,ST易购
sz.002025,1,航天电器
sz.002026,1,山东威达
sz.002027,1,分众传媒
sz.002028,1,思源电气
sz.002029,1,七匹狼
sz.002030,1,达安基因
sz.002031,1,巨轮智能
sz.002032,1,苏泊尔
sz.002033,1,丽江股份
sz.002034,1,旺能环境
sz.002035,1,华帝股份
sz.002036,1,联创电子
sz.002037,1,保利联合
sz.002038,1,双鹭药业
sz.002039,1,黔源电力
sz.002040,1,南京港
sz.002041,1,登海种业
sz.002042,1,华孚时尚
sz.002043,1,兔宝宝
sz.002044,1,美年健康
sz.002045,1,国光电器
sz.002046,1,国机精工
sz.002047,1,宝鹰股份
sz.002048,1,宁波华翔
sz.002049,1,紫光国微
sz.002050,1,三花智控
sz.002051,1,中工国际
sz.002052,1,ST同洲
sz.002053,1,云南能投
sz.002054,1,德美化工
sz.002055,1,得润电子
sz.002056,1,横店东磁
sz.002057,1,中钢天源
sz.002058,1,威尔泰
sz.002059,1,云南旅游
sz.002060,1,粤水电
sz.002061,1,浙江交科
sz.002062,1,宏润建设
sz.002063,1,远光软件
sz.002064,1,华峰化学
sz.002065,1,东华软件
sz.002066,1,瑞泰科技
sz.002067,1,景兴纸业
sz.002068,1,黑猫股份
sz.002069,1,獐子岛
sz.002072,1,凯瑞德
sz.002073,1,软控股份
sz.002074,1,国轩高科
sz.002076,1,星光股份
sz.002077,1,大港股份
sz.002078,1,太阳纸业
sz.002079,1,苏州固锝
sz.002080,1,中材科技
sz.002081,1,金螳螂
sz.002082,1,万邦德
sz.002083,1,孚日股份
sz.002084,1,海鸥住工
sz.002086,1,*ST东洋
sz.002087,1,*ST新纺
sz.002088,1,鲁阳节能
sz.002089,1,*ST新海
sz.002090,1,金智科技
sz.002091,1,江苏国泰
sz.002092,1,中泰化学
sz.002093,1,国脉科技
sz.002094,1,青岛金王
sz.002095,1,生意宝
sz.002096,1,易普力
sz.002097,1,山河智能
sz.002098,1,浔兴股份
sz.002099,1,海翔药业
sz.002100,1,天康生物
sz.002101,1,广东鸿图
sz.002102,1,冠福股份
sz.002103,1,广博股份
sz.002104,1,恒宝股份
sz.002105,1,信隆健康
sz.002106,1,莱宝高科
sz.002107,1,沃华医药
sz.002108,1,沧州明珠
sz.002109,1,兴化股份
sz.002110,1,三钢闽光
sz.002111,1,威海广泰
sz.002112,1,三变科技
sz.002114,1,罗平锌电
sz.002115,1,三维通信
sz.002116,1,中国海诚
sz.002117,1,东港股份
sz.002119,1,康强电子
sz.002120,1,韵达股份
sz.002121,1,科陆电子
sz.002122,1,汇洲智能
sz.002123,1,梦网科技
sz.002124,1,天邦食品
sz.002125,1,湘潭电化
sz.002126,1,银轮股份
sz.002127,1,南极电商
sz.002128,1,电投能源
sz.002129,1,TCL中环
sz.002130,1,沃尔核材
sz.002131,1,利欧股份
sz.002132,1,恒星科技
sz.002133,1,广宇集团
sz.002134,1,天津普林
sz.002135,1,东南网架
sz.002136,1,安纳达
sz.002137,1,实益达
sz.002138,1,顺络电子
sz.002139,1,拓邦股份
sz.002140,1,东华科技
sz.002141,1,贤丰控股
sz.002142,1,宁波银行
sz.002145,1,中核钛白
sz.002146,1,荣盛发展
sz.002148,1,北纬科技
sz.002149,1,西部材料
sz.002150,1,通润装备
sz.002151,1,北斗星通
sz.002152,1,广电运通
sz.002153,1,石基信息
sz.002154,1,报喜鸟
sz.002155,1,湖南黄金
sz.002156,1,通富微电
sz.002157,1,*ST正邦
sz.002158,1,汉钟精机
sz.002159,1,三特索道
sz.002160,1,常铝股份
sz.002161,1,远望谷
sz.002162,1,悦心健康
sz.002163,1,海南发展
sz.002164,1,宁波东力
sz.002165,1,红宝丽
sz.002166,1,莱茵生物
sz.002167,1,东方锆业
sz.002168,1,惠程科技
sz.002169,1,智光电气
sz.002170,1,芭田股份
sz.002171,1,楚江新材
sz.002172,1,澳洋健康
sz.002173,1,创新医疗
sz.002174,1,游族网络
sz.002175,1,东方智造
sz.002176,1,江特电机
sz.002177,1,御银股份
sz.002178,1,延华智能
sz.002179,1,中航光电
sz.002182,1,宝武镁业
sz.002183,1,怡亚通
sz.002184,1,海得控制
sz.002185,1,华天科技
sz.002186,1,全聚德
sz.002187,1,广百股份
sz.002188,1,中天服务
sz.002189,1,中光学
sz.002190,1,成飞集成
sz.002191,1,劲嘉股份
sz.002192,1,融捷股份
sz.002193,1,如意集团
sz.002194,1,武汉凡谷
sz.002195,1,岩山科技
sz.002196,1,方正电机
sz.002197,1,证通电子
sz.002198,1,嘉应制药
sz.002199,1,东晶电子
sz.002200,1,ST交投
sz.002201,1,正威新材
sz.002202,1,金风科技
sz.002203,1,海亮股份
sz.002204,1,大连重工
sz.002205,1,国统股份
sz.002206,1,海利得
sz.002207,1,准油股份
sz.002208,1,合肥城建
sz.002209,1,达意隆
sz.002210,1,飞马国际
sz.002211,1,宏达新材
sz.002212,1,天融信
sz.002213,1,大为股份
sz.002214,1,大立科技
sz.002215,1,诺普信
sz.002216,1,三全食品
sz.002217,1,合力泰
sz.002218,1,拓日新能
sz.002219,1,新里程
sz.002221,1,东华能源
sz.002222,1,福晶科技
sz.002223,1,鱼跃医疗
sz.002224,1,三力士
sz.002225,1,濮耐股份
sz.002226,1,江南化工
sz.002227,1,奥特迅
sz.002228,1,合兴包装
sz.002229,1,鸿博股份
sz.002230,1,科大讯飞
sz.002231,1,奥维通信
sz.002232,1,启明信息
sz.002233,1,塔牌集团
sz.002234,1,民和股份
sz.002235,1,安妮股份
sz.002236,1,大华股份
sz.002237,1,恒邦股份
sz.002238,1,天威视讯
sz.002239,1,奥特佳
sz.002240,1,盛新锂能
sz.002241,1,歌尔股份
sz.002242,1,九阳股份
sz.002243,1,力合科创
sz.002244,1,滨江集团
sz.002245,1,蔚蓝锂芯
sz.002246,1,北化股份
sz.002247,1,聚力文化
sz.002248,1,华东数控
sz.002249,1,大洋电机
sz.002250,1,联化科技
sz.002251,1,步步高
sz.002252,1,上海莱士
sz.002253,1,川大智胜
sz.002254,1,泰和新材
sz.002255,1,海陆重工
sz.002256,1,兆新股份
sz.002258,1,利尔化学
sz.002259,1,ST升达
sz.002261,1,拓维信息
sz.002262,1,恩华药业
sz.002263,1,大东南
sz.002264,1,新华都
sz.002265,1,建设工业
sz.002266,1,浙富控股
sz.002267,1,陕天然气
sz.002268,1,电科网安
sz.002269,1,美邦服饰
sz.002270,1,华明装备
sz.002271,1,东方雨虹
sz.002272,1,川润股份
sz.002273,1,水晶光电
sz.002274,1,华昌化工
sz.002275,1,桂林三金
sz.002276,1,万马股份
sz.002277,1,友阿股份
sz.002278,1,神开股份
sz.002279,1,久其软件
sz.002280,1,联络互动
sz.002281,1,光迅科技
sz.002282,1,博深股份
sz.002283,1,天润工业
sz.002284,1,亚太股份
sz.002285,1,世联行
sz.002286,1,保龄宝
sz.002287,1,奇正藏药
sz.002288,1,超华科技
sz.002289,1,ST宇顺
sz.002290,1,禾盛新材
sz.002291,1,遥望科技
sz.002292,1,奥飞娱乐
sz.002293,1,罗莱生活
sz.002294,1,信立泰
sz.002295,1,精艺股份
sz.002296,1,辉煌科技
sz.002297,1,博云新材
sz.002298,1,中电兴发
sz.002299,1,圣农发展
sz.002300,1,太阳电缆
sz.002301,1,齐心集团
sz.002302,1,西部建设
sz.002303,1,美盈森
sz.002304,1,洋河股份
sz.002305,1,南国置业
sz.002306,1,中科云网
sz.002307,1,北新路桥
sz.002308,1,威创股份
sz.002309,1,ST中利
sz.002310,1,东方园林
sz.002311,1,海大集团
sz.002312,1,川发龙蟒
sz.002313,1,*ST日海
sz.002314,1,南山控股
sz.002315,1,焦点科技
sz.002316,1,亚联发展
sz.002317,1,众生药业
sz.002318,1,久立特材
sz.002319,1,乐通股份
sz.002320,1,海峡股份
sz.002321,1,华英农业
sz.002322,1,理工能科
sz.002323,1,雅博股份
sz.002324,1,普利特
sz.002325,1,洪涛股份
sz.002326,1,永太科技
sz.002327,1,富安娜
sz.002328,1,新朋股份
sz.002329,1,皇氏集团
sz.002330,1,得利斯
sz.002331,1,皖通科技
sz.002332,1,仙琚制药
sz.002333,1,罗普斯金
sz.002334,1,英威腾
sz.002335,1,科华数据
sz.002336,1,人人乐
sz.002337,1,赛象科技
sz.002338,1,奥普光电
sz.002339,1,积成电子
sz.002340,1,格林美
sz.002341,1,新纶新材
sz.002342,1,巨力索具
sz.002343,1,慈文传媒
sz.002344,1,海宁皮城
sz.002345,1,潮宏基
sz.002346,1,柘中股份
sz.002347,1,泰尔股份
sz.002348,1,高乐股份
sz.002349,1,精华制药
sz.002350,1,北京科锐
sz.002351,1,漫步者
sz.002352,1,顺丰控股
sz.002353,1,杰瑞股份
sz.002354,1,天娱数科
sz.002355,1,兴民智通
sz.002356,1,赫美集团
sz.002357,1,富临运业
sz.002358,1,森源电气
sz.002360,1,同德化工
sz.002361,1,神剑股份
sz.002362,1,汉王科技
sz.002363,1,隆基机械
sz.002364,1,中恒电气
sz.002365,1,永安药业
sz.002366,1,融发核电
sz.002367,1,康力电梯
sz.002368,1,太极股份
sz.002369,1,卓翼科技
sz.002370,1,亚太药业
sz.002371,1,北方华创
sz.002372,1,伟星新材
sz.002373,1,千方科技
sz.002374,1,中锐股份
sz.002375,1,亚厦股份
sz.002376,1,新北洋
sz.002377,1,国创高新
sz.002378,1,章源钨业
sz.002379,1,宏创控股
sz.002380,1,科远智慧
sz.002381,1,双箭股份
sz.002382,1,蓝帆医疗
sz.002383,1,合众思壮
sz.002384,1,东山精密
sz.002385,1,大北农
sz.002386,1,天原股份
sz.002387,1,维信诺
sz.002388,1,新亚制程
sz.002389,1,航天彩虹
sz.002390,1,信邦制药
sz.002392,1,北京利尔
sz.002393,1,力生制药
sz.002394,1,联发股份
sz.002395,1,双象股份
sz.002396,1,星网锐捷
sz.002397,1,梦洁股份
sz.002398,1,垒知集团
sz.002399,1,海普瑞
sz.002400,1,省广集团
sz.002401,1,中远海科
sz.002402,1,和而泰
sz.002403,1,爱仕达
sz.002404,1,嘉欣丝绸
sz.002405,1,四维图新
sz.002406,1,远东传动
sz.002407,1,多氟多
sz.002408,1,齐翔腾达
sz.002409,1,雅克科技
sz.002410,1,广联达
sz.002412,1,汉森制药
sz.002413,1,雷科防务
sz.002414,1,高德红外
sz.002415,1,海康威视
sz.002416,1,爱施德
sz.002418,1,康盛股份
sz.002419,1,天虹股份
sz.002420,1,毅昌科技
sz.002421,1,达实智能
sz.002422,1,科伦药业
sz.002423,1,中粮资本
sz.002424,1,贵州百灵
sz.002425,1,凯撒文化
sz.002426,1,胜利精密
sz.002427,1,尤夫股份
sz.002428,1,云南锗业
sz.002429,1,兆驰股份
sz.002430,1,杭氧股份
sz.002431,1,棕榈股份
sz.002432,1,九安医疗
sz.002433,1,*ST太安
sz.002434,1,万里扬
sz.002435,1,长江健康
sz.002436,1,兴森科技
sz.002437,1,誉衡药业
sz.002438,1,江苏神通
sz.002439,1,启明星辰
sz.002440,1,闰土股份
sz.002441,1,众业达
sz.002442,1,龙星化工
sz.002444,1,巨星科技
sz.002445,1,中南文化
sz.002446,1,盛路通信
sz.002448,1,中原内配
sz.002449,1,国星光电
sz.002451,1,摩恩电气
sz.002452,1,长高电新
sz.002453,1,华软科技
sz.002454,1,松芝股份
sz.002455,1,百川股份
sz.002456,1,欧菲光
sz.002457,1,青龙管业
sz.300001,1,特锐德
sz.300002,1,神州泰岳
sz.300003,1,乐普医疗
sz.300004,1,南风股份
sz.300005,1,探路者
sz.300006,1,莱美药业
sz.300007,1,汉威科技
sz.300008,1,天海防务
sz.300009,1,安科生物
sz.300010,1,*ST豆神
sz.300011,1,鼎汉技术
sz.300012,1,华测检测
sz.300013,1,新宁物流
sz.300014,1,亿纬锂能
sz.300015,1,爱尔眼科
sz.300016,1,北陆药业
sz.300017,1,网宿科技
sz.300018,1,中元股份
sz.300019,1,硅宝科技
sz.300020,1,银江技术
sz.300021,1,大禹节水
sz.300022,1,吉峰科技
sz.300024,1,机器人
sz.300025,1,华星创业
sz.300026,1,红日药业
sz.300027,1,华谊兄弟
sz.300029,1,ST天龙
sz.300030,1,阳普医疗
sz.300031,1,宝通科技
sz.300032,1,金龙机电
sz.300033,1,同花顺
sz.300034,1,钢研高纳
sz.300035,1,中科电气
sz.300036,1,超图软件
sz.300037,1,新宙邦
sz.300039,1,上海凯宝
sz.300040,1,九洲集团
sz.300041,1,回天新材
sz.300042,1,朗科科技
sz.300043,1,星辉娱乐
sz.300044,1,赛为智能
sz.300045,1,华力创通
sz.300046,1,台基股份
sz.300047,1,天源迪科
sz.300048,1,合康新能
sz.300049,1,福瑞股份
sz.300050,1,世纪鼎利
sz.300051,1,琏升科技
sz.300052,1,中青宝
sz.300053,1,航宇微
sz.300054,1,鼎龙股份
sz.300055,1,万邦达
sz.300056,1,中创环保
sz.300057,1,万顺新材
sz.300058,1,蓝色光标
sz.300059,1,东方财富
sz.300061,1,旗天科技
sz.300062,1,中能电气
sz.300063,1,天龙集团
sz.300065,1,海兰信
sz.300066,1,三川智慧
sz.300067,1,安诺其
sz.300068,1,南都电源
sz.300069,1,金利华电
sz.300070,1,碧水源
sz.300071,1,福石控股
sz.300072,1,海新能科
sz.300073,1,当升科技
sz.300074,1,华平股份
sz.300075,1,数字政通
sz.300076,1,GQY视讯
sz.300077,1,国民技术
sz.300078,1,思创医惠
sz.300079,1,数码视讯
sz.300080,1,易成新能
sz.300081,1,恒信东方
sz.300082,1,奥克股份
sz.300083,1,创世纪
sz.300084,1,海默科技
sz.300085,1,银之杰
sz.300086,1,康芝药业
sz.300087,1,荃银高科
sz.300088,1,长信科技
sz.300091,1,金通灵
sz.300092,1,科新机电
sz.300093,1,金刚光伏
sz.300094,1,国联水产
sz.300095,1,华伍股份
sz.300096,1,易联众
sz.300097,1,智云股份
sz.300098,1,高新兴
sz.300099,1,精准信息
sz.300100,1,双林股份
sz.300101,1,振芯科技
sz.399001,1,深证成份指数(价格)
sz.399002,1,深证成份指数(收益)
sz.399003,1,深证成份B股指数
sz.399004,1,深证100指数(收益)
sz.399005,1,中小企业100指数
sz.399006,1,创业板指数(价格)
sz.399007,1,深证300价格
sz.399008,1,中小企业300指数
sz.399009,1,深证200指数
sz.399010,1,深证700指数
sz.399011,1,深证1000指数
sz.399100,1,深证新指数
sz.399101,1,中小企业综合指数
sz.399106,1,深证综合指数
sz.399107,1,深证A股指数
sz.399108,1,深证B股指数
sz.399231,1,农林牧渔指数
sz.399232,1,采矿业指数
sz.399233,1,制造业指数
sz.399234,1,水电煤气指数
sz.399235,1,建筑业指数
sz.399236,1,批发零售指数
sz.399237,1,运输仓储指数
sz.399238,1,住宿餐饮指数
sz.399239,1,信息技术指数
sz.399240,1,金融业指数
sz.399241,1,房地产业指数
sz.399242,1,商务服务指数
sz.399243,1,科研服务指数
sz.399244,1,公共环保指数
sz.399248,1,文化传播指数
sz.399249,1,综合类指数
sz.399300,1,沪深300指数
sz.399310,1,国证A50指数
sz.399311,1,国证1000指数
sz.399312,1,国证300指数
sz.399313,1,巨潮100指数
sz.399314,1,巨潮大盘指数
sz.399315,1,巨潮中盘指数
sz.399316,1,巨潮小盘指数
sz.399317,1,国证A股指数
sz.399318,1,国证B股指数
sz.399319,1,国证资源优势指数
sz.399320,1,国证公共服务指数
sz.399321,1,国证红利指数
sz.399322,1,国证治理指数
sz.399324,1,深证红利指数
sz.399326,1,深证成长40指数
sz.399328,1,深证治理指数
sz.399330,1,深证100指数(价格)
sz.399333,1,中小企业100全收益指数
sz.399335,1,深证央企指数
sz.399337,1,深证民营指数
sz.399339,1,深证科技指数
sz.399341,1,深证责任指数
sz.399344,1,深证300指数(收益)
sz.399346,1,深证300成长指数
sz.399348,1,深证300价值指数
sz.399351,1,国证深圳创新示范100指数
sz.399352,1,国证深圳企业综合指数
sz.399353,1,国证物流行业指数
sz.399355,1,国证长三角指数
sz.399356,1,国证珠三角指数
sz.399357,1,国证环渤海指数
sz.399358,1,国证环保指数
sz.399359,1,国证基建指数
sz.399360,1,国证新硬件产业指数
sz.399361,1,国证在线消费指数
sz.399362,1,国证民企领先100指数
sz.399363,1,国证算力基础设施主题指数
sz.399364,1,国证消费100指数
sz.399365,1,国证粮食产业指数
sz.399366,1,国证能源金属指数
sz.399367,1,国证1000房地产行业指数
sz.399368,1,国证航天军工指数
sz.399369,1,国证社会责任指数
sz.399370,1,国证1000成长指数
sz.399371,1,国证1000价值指数
sz.399372,1,巨潮大盘成长指数
sz.399373,1,巨潮大盘价值指数
sz.399374,1,巨潮中盘成长指数
sz.399375,1,巨潮中盘价值指数
sz.399376,1,巨潮小盘成长指数
sz.399377,1,巨潮小盘价值指数
sz.399381,1,国证1000能源行业指数
sz.399382,1,国证1000原材料行业指数
sz.399383,1,国证1000工业行业指数
sz.399384,1,国证1000可选消费行业指数
sz.399385,1,国证1000主要消费行业指数
sz.399386,1,国证1000医药卫生行业指数
sz.399387,1,国证1000金融地产行业指数
sz.399388,1,国证1000信息技术行业指数
sz.399389,1,国证通信指数
sz.399390,1,国证1000公用事业行业指数
sz.399391,1,国证投资时钟指数
sz.399392,1,国证战略性新兴产业指数
sz.399415,1,大数据100指数
sz.399550,1,央视财经50指数
sz.399602,1,中小板300成长指数
sz.399604,1,中小板300价值指数
sz.399606,1,创业板指数(收益)
sz.399612,1,中小创业企业100指数
sz.399613,1,深证能源指数
sz.399614,1,深证原材料行业指数
sz.399615,1,深证工业行业指数
sz.399616,1,深证可选消费行业指数
sz.399617,1,深证主要消费行业指数
sz.399618,1,深证医药卫生行业指数
sz.399619,1,深证金融地产行业指数
sz.399620,1,深证信息技术行业指数
sz.399621,1,深证电信业务行业指数
sz.399622,1,深证公用事业行业指数
sz.399623,1,中小企业基础市场指数
sz.399624,1,中小创业企业400指数
sz.399625,1,中小创业企业500指数
sz.399626,1,中小创业企业成长指数
sz.399627,1,中小创业企业价值指数
sz.399628,1,深证700成长指数
sz.399629,1,深证700价值指数
sz.399630,1,深证1000成长指数
sz.399631,1,深证1000价值指数
sz.399632,1,深证100等权重指数
sz.399633,1,深证300等权重指数
sz.399634,1,中小企业100等权重指数
sz.399636,1,深证装备指数
sz.399637,1,深证地产指数
sz.399638,1,深证环保指数
sz.399639,1,深证大宗商品生产商指数
sz.399641,1,深证战略性新兴产业指数
sz.399642,1,中小企业战略性新兴产业指数
sz.399643,1,创业板战略性新兴产业指数
sz.399644,1,深证色诺芬投资时钟指数
sz.399645,1,深证100低波动率指数
sz.399646,1,深证消费50指数
sz.399647,1,深证医药50指数
sz.399648,1,深证中经矢量GDP100指数
sz.399701,1,深证基本面60指数
sz.399702,1,深证基本面120指数
sz.399703,1,深证基本面200指数
sz.399812,1,中证养老产业指数
sz.399901,1,中证南方小康产业指数
sz.399903,1,中证100指数
sz.399905,1,中证500指数
sz.399913,1,沪深300医药卫生指数
sz.399914,1,沪深300金融地产指数
sz.399928,1,中证能源指数
sz.399932,1,中证主要消费指数
sz.399933,1,中证医药卫生指数
sz.399934,1,中证金融地产指数
sz.399935,1,中证信息技术指数
